country,advisory,passport,visas,link,updated
Afghanistan,Avoid all travel,Your passport must be valid for at least 6 months beyond the date you expect to leave from Afghanistan.,You must obtain a visa to visit Afghanistan.,https://travel.gc.ca/destinations/afghanistan,2020-07-15 14:45:38
Albania,Take normal security precautions,Your passport must be valid for at least 3 months beyond the date you expect to leave from Albania.,"Tourist visa: not required for stays up to 90 days per six-month period
Business visa: not required for stays up to 90 days per six-month period
Student visa: not required for stays up to 90 days per six-month period",https://travel.gc.ca/destinations/albania,2020-07-15 14:45:38
Algeria,Exercise a high degree of caution,Your passport must be valid for at least 6 months beyond the date you expect to leave from Algeria.,Canadians must be in possession of a visa to visit Algeria.,https://travel.gc.ca/destinations/algeria,2020-07-15 14:45:38
American Samoa,Take normal security precautions,Your passport must be valid for at least 6 months beyond the date you expect to leave American Samoa.,Canadians can visit American Samoa without an entry permit or visa for a period of up to 30 days.,https://travel.gc.ca/destinations/american-samoa,2020-07-15 14:45:38
Andorra,Take normal security precautions,Your passport must be valid for the period of intended stay in Andorra. Ensure your passport and other travel documents are also valid for entry and re-entry into the country through which you wish to transit.,"Tourist visa: not required
Business visa: not required
Student visa: not required for stays up to 90 days",https://travel.gc.ca/destinations/andorra,2020-07-15 14:45:38
Angola,Exercise a high degree of caution,Your passport must be valid for at least 6 months beyond the date you expect to leave Angola.,You must be in possession of a visa and an onward or return ticket to enter Angola.,https://travel.gc.ca/destinations/angola,2020-07-15 14:45:38
Anguilla,Take normal security precautions,Your passport must be valid for at least 3 months beyond the date you expect to leave Anguilla.,"Tourist visa: not required
Business visa: not required
Student visa: not required",https://travel.gc.ca/destinations/anguilla,2020-07-15 14:45:38
Antarctica,Take normal security precautions,,,https://travel.gc.ca/destinations/antarctica,2020-05-21 14:08:36
Antigua and Barbuda,Take normal security precautions,Your passport must be valid for at least 6 months beyond the date you expect to leave Antigua and Barbuda.,"Tourist visa: not required
Business visa: not required
Student permit: required",https://travel.gc.ca/destinations/antigua-and-barbuda,2020-07-15 14:45:38
Argentina,Take normal security precautions,Your passport must be valid for the expected duration of your stay in Argentina.,"Tourist visa: Not required
Business visa: Not required 
Student visa: Required",https://travel.gc.ca/destinations/argentina,2020-07-15 14:45:38
Armenia,Exercise a high degree of caution,Your passport must be valid for at least 6 months beyond the date you expect to leave from Armenia.,Canadians must have a visa to visit Armenia.,https://travel.gc.ca/destinations/armenia,2020-07-15 14:45:38
Aruba,Take normal security precautions,Your passport must be valid for at least 3 months beyond the date you expect to leave Aruba.,"Tourist visa: not required (for stays of up to 30 days)
Business visa: not required
Work permit: required
Student visa: required",https://travel.gc.ca/destinations/aruba,2020-07-15 14:45:38
Australia,Take normal security precautions,Your passport must be valid on the day of entry into the country.,"Tourist visa: required 
Business visa: required 
Student visa: required",https://travel.gc.ca/destinations/australia,2020-07-15 14:45:38
Austria,Take normal security precautions,Your passport must be valid for at least 3 months beyond the date you expect to leave from the Schengen area.,Tourist visa: Not required for stays up to 90 days,https://travel.gc.ca/destinations/austria,2020-07-03 10:51:29
Azerbaijan,Exercise a high degree of caution,Your passport must be valid for at least 6 months beyond the date you expect to leave from Azerbaijan.,Canadians must be in possession of a visa to visit Azerbaijan.,https://travel.gc.ca/destinations/azerbaijan,2020-07-15 14:45:38
Azores,Take normal security precautions,Your passport must be valid for at least 3 months beyond the date you expect to leave the Schengen area.,Tourist visa: Not required for stays up to 90 days*,https://travel.gc.ca/destinations/azores,2020-07-15 15:03:30
Bahamas,Exercise a high degree of caution,Your passport must be valid for at least 6 months beyond the date you expect to leave The Bahamas.,"Tourist visa: not required for stays up to 8 months
Business visa: not required
Student permit: required",https://travel.gc.ca/destinations/bahamas,2020-07-15 14:45:38
Bahrain,Exercise a high degree of caution,Your passport must be valid for at least 6 months beyond the date you expect to leave Bahrain.,Canadians must have a visa to visit Bahrain.,https://travel.gc.ca/destinations/bahrain,2020-07-15 14:45:38
Bangladesh,Exercise a high degree of caution,Your passport must be valid for at least 6 months at the time of arrival in Bangladesh.,"Tourist visa: required (for stays up to 30 days)
Business visa: required (for stays up to 30 days)
Student visa: Required",https://travel.gc.ca/destinations/bangladesh,2020-07-15 14:45:38
Barbados,Take normal security precautions,Your passport must be valid for the duration of your stay in Barbados.,"Tourist visa: not required 
Business visa: not required
Work visa: required
Student visa: required",https://travel.gc.ca/destinations/barbados,2020-07-15 14:45:38
Belarus,Take normal security precautions,Your passport must be valid for at least 3 months beyond the date you expect to leave from Belarus.,"Tourist visa: Not required for stays of up to 30 days
Business visa: Required
Student visa: Required
Transit visa: Not required",https://travel.gc.ca/destinations/belarus,2020-07-15 14:45:38
Belgium,Exercise a high degree of caution,Your passport must be valid for at least 3 months beyond the date you expect to leave the Schengen area.,Tourist visa: Not required for stays up to 90 days,https://travel.gc.ca/destinations/belgium,2020-07-10 14:25:48
Belize,Exercise a high degree of caution,Your passport must be valid at least 6 months beyond the date you expect to leave Belize.,"Tourist visa: Not required for stays up to 30 days
Business visa: Required 
Student visa: Required",https://travel.gc.ca/destinations/belize,2020-07-15 14:45:38
Benin,Exercise a high degree of caution,Your passport must be valid for at least 6 months beyond the date you expect to leave Benin.,Canadians must be in possession of a visa prior to arriving in Benin.,https://travel.gc.ca/destinations/benin,2020-07-15 14:45:38
Bermuda,Take normal security precautions,Your passport must be valid for at least 45 days beyond the date of expected departure from Bermuda.,"Tourist visa: Not required  
Business visa: Not required ",https://travel.gc.ca/destinations/bermuda,2020-07-15 14:45:38
Bhutan,Take normal security precautions,Your passport must be valid for at least 6 months beyond the date you expect to leave Bhutan.,Tourist visa: Required,https://travel.gc.ca/destinations/bhutan,2020-07-15 14:45:38
Bolivia,Exercise a high degree of caution,Your passport must be valid for at least 6 months beyond the date of expected departure from Bolivia.,"Tourist visa: not required for stays up to 30 days
Business visa: required 
Student visa: required",https://travel.gc.ca/destinations/bolivia,2020-07-15 14:45:38
Bonaire,Take normal security precautions,Your passport must be valid for the duration of your stay in Bonaire.,"Tourist visa: Not required (for stays of up to 90 days in a 180-day period)
Business visa: Not required
Student visa: Required",https://travel.gc.ca/destinations/bonaire,2020-07-15 14:45:38
Bosnia and Herzegovina,Exercise a high degree of caution,Your passport must be valid for at least three months beyond the date you expect to leave from Bosnia and Herzegovina.,"Tourist visa: Not required for stays up to 90 days
Business visa: Not required for stays up to 90 days
Student visa: Not required for stays up to 90 days",https://travel.gc.ca/destinations/bosnia-and-herzegovina,2020-07-15 14:45:38
Botswana,Take normal security precautions,Your passport must be valid for at least six months beyond the date you expect to leave Botswana.,Work visa:,https://travel.gc.ca/destinations/botswana,2020-07-15 14:45:38
Brazil,Exercise a high degree of caution,Your passport must be valid for at least 6 months beyond the date you expect to leave Brazil.,"Tourist visa: not required for stays of up to 90 days
Business visa: not required for stays of up to 90 days without remuneration
Student visa: not required for stays of up to 90 days",https://travel.gc.ca/destinations/brazil,2020-07-15 14:45:38
British Virgin Islands,Take normal security precautions,Your passport must be valid for the duration of your expected stay in the British Virgin Islands.,"Tourist visa: Not required for stays up to 30 days
Business visa: Not required for stays up to 30 days 
Student visa: Not required for stays up to 30 days",https://travel.gc.ca/destinations/british-virgin-islands,2020-07-15 14:45:38
Brunei,Take normal security precautions,Your passport must be valid for at least 6 months beyond the date you expect to leave Brunei.,"Tourist visa: required for stays of more than 14 days
Business visa: required for stays of more than 14 days
Student visa: required",https://travel.gc.ca/destinations/brunei,2020-07-15 14:45:38
Bulgaria,Take normal security precautions,Your passport must be valid 3 months beyond the date you expect to leave Bulgaria.,"Tourist visa: Not required for stays of fewer than 90 days in any 180-day period
Business visa: Not required for stays of fewer than 90 days in any 180-day period
Student visa: Not required for stays of fewer than 90 days in any 180-day period",https://travel.gc.ca/destinations/bulgaria,2020-07-03 10:51:29
Burkina Faso,Avoid non-essential travel,Your passport must be valid for the duration of your stay.,You must have a visa.,https://travel.gc.ca/destinations/burkina-faso,2020-07-15 14:45:38
Burundi,Avoid all travel,Your passport must be valid for the duration of your stay.,Tourist: required,https://travel.gc.ca/destinations/burundi,2020-07-15 14:45:38
Cabo Verde,Exercise a high degree of caution,Your passport must be valid for the duration of your stay.,"Canadians must also be in possession of a visa, which can be obtained on arrival at any point of entry. The visa is valid for up to 30 days.",https://travel.gc.ca/destinations/cabo-verde,2020-07-15 14:45:38
Cambodia,Exercise a high degree of caution,Your passport must be valid for at least 6 months beyond the date of entry into Cambodia.,"Tourist visa: Required
Business visa: Required
Student visa: Required",https://travel.gc.ca/destinations/cambodia,2020-06-16 14:34:23
Cameroon,Exercise a high degree of caution,Your passport must be valid for at least 6 months beyond the date you expect to leave from Cameroon.,Canadians must have a visa and an onward or return ticket.,https://travel.gc.ca/destinations/cameroon,2020-07-15 14:45:38
Canary Islands,Take normal security precautions,Your passport must be valid at least 3 months beyond the date you expect to leave the Canary Islands.,"Tourist visa: not required for stays up to 90 days*
Business visa: not required
Student visa: required",https://travel.gc.ca/destinations/canary-islands,2020-07-15 15:05:21
Cayman Islands,Take normal security precautions,Your passport must be valid until the date of expected departure from the territory.,"Tourist visa: Not required for stays up to six months
Work permit: Required
Student visa: Required",https://travel.gc.ca/destinations/cayman-islands,2020-07-15 14:45:38
Central African Republic,Avoid all travel,Your passport must be valid for at least 6 months beyond the date you expect to leave the Central African Republic.,Canadians must also have a visa.,https://travel.gc.ca/destinations/central-african-republic,2020-07-15 14:45:38
Chad,Avoid non-essential travel,Your passport must be valid for at least 6 months beyond the date you expect to leave Chad.,You must have a visa.,https://travel.gc.ca/destinations/chad,2020-07-15 14:45:38
Chile,Exercise a high degree of caution,Your passport must be valid must be valid for the duration of your stay in Chile.,"Tourist visa: not required
Business visa: not required
Student visa: required
Work visa: required",https://travel.gc.ca/destinations/chile,2020-07-15 14:45:38
China,Exercise a high degree of caution,Your passport must be valid for at least 6 months upon entry into China.,"Tourist visa: Required 
Business visa: Required 
Student visa: Required 
Working visa: Required",https://travel.gc.ca/destinations/china,2020-07-12 12:49:50
Colombia,Exercise a high degree of caution,Your passport must be valid for at least 6 months beyond the date you expect to leave Colombia.,"Tourist visa: not required (for stays of up to 90 days)
Business or work visa: required
Student visa: required",https://travel.gc.ca/destinations/colombia,2020-07-15 14:45:38
Comoros,Exercise a high degree of caution,Your passport must be valid for at least 3 months beyond the date you expect to leave Comoros.,Tourist visa: Required (available on arrival)Business visa: Required (available on arrival)Student visa: Required (available on arrival),https://travel.gc.ca/destinations/comoros,2020-07-15 14:45:38
Cook Islands,Take normal security precautions,Your passport must be valid for at least 6 months beyond the date you expect to leave the Cook Islands.,"Tourist visa: Not required (for up to 31 days)
Business visa: Required 
Student visa: Not applicable; it is not possible to travel to the Cook Islands to study.",https://travel.gc.ca/destinations/cook-islands,2020-07-15 14:45:38
Costa Rica,Exercise a high degree of caution,"Your passport must be valid to visit Costa Rica. In order to avoid unexpected delays, we recommend that your passport be valid for at least 1 month beyond the date of your expected departure from Costa Rica.","Tourist visa: not required for stays up to 90 days
Business visa: required
Student visa: required",https://travel.gc.ca/destinations/costa-rica,2020-07-15 14:45:38
Croatia,Take normal security precautions,Your passport must be valid for at least 3 months beyond the date you expect to leave from Croatia.,Tourist visa: Not required for stays up to 90 days,https://travel.gc.ca/destinations/croatia,2020-07-13 11:26:31
Cuba,Take normal security precautions,"Your passport must be valid to visit Cuba. In order to avoid unexpected delays prior to departure, ensure that your passport be valid for at least 1 month beyond the date of your expected departure from Cuba.If you are both a Canadian and Cuban citizen, you must present your valid Cuban passport to the immigration authorities to enter Cuba. You must also have a valid Canadian passport to return to Canada.If you were born in Cuba, you should contact a Cuban government office in Canada before you leave to ensure compliance with Cuban regulations, regardless of your current citizenship. Failure to do so may result in being refused entry into Cuba or being detained upon entry.","Tourist visa: required
Family visa: required
Business visa: required
Press visa for journalist: required",https://travel.gc.ca/destinations/cuba,2020-07-15 14:45:38
Curaçao,Take normal security precautions,Your passport must be valid for at least 3 months beyond the date of expected departure from Curaçao.,"Tourist visa: Not required (for stays of 30 days or less)
Business visa: Not required
Work permit: Required
Student visa: Required",https://travel.gc.ca/destinations/curacao,2020-07-15 14:45:38
Cyprus,Take normal security precautions,Your passport must be valid for at least 6 months beyond the date you expect to leave from Cyprus.,"Tourist visa: Not required
Business visa: Not required
Student visa: required",https://travel.gc.ca/destinations/cyprus,2020-07-03 10:51:29
Czech Republic,Take normal security precautions,Your passport must be valid for at least 3 months beyond the date you expect to leave the Schengen area.,Tourist visa: Not required for stays up to 90 days,https://travel.gc.ca/destinations/czech-republic,2020-07-03 10:51:29
Côte d'Ivoire (Ivory Coast),Exercise a high degree of caution,Your passport must be valid for at least 6 months beyond the date you expect to leave Côte d'Ivoire.,Canadians must be in possession of a visa before arrival.,https://travel.gc.ca/destinations/cote-d-ivoire-ivory-coast,2020-07-15 16:44:15
Democratic Republic of Congo (Kinshasa),Avoid non-essential travel,Your passport must be valid for at least 6 months beyond the date you expect to leave from the DRC.,"Tourist visa: Required 
Business visa: Required 
Student visa: Required (Students must obtain a tourist visa) 
Transit visa: Required",https://travel.gc.ca/destinations/congo-kinshasa,2020-07-15 14:45:38
Denmark,Take normal security precautions,Your passport must be valid for at least 3 months beyond the date you expect to leave the Schengen area.,Tourist visa: Not required for stays up to 90 days within any 180-day period,https://travel.gc.ca/destinations/denmark,2020-07-03 10:51:29
Djibouti,Exercise a high degree of caution,Your passport must be valid for at least 6 months beyond the date you expect to leave Djibouti.,Canadians must be in possession of a visa to visit Djibouti.,https://travel.gc.ca/destinations/djibouti,2020-07-15 14:45:38
Dominica,Take normal security precautions,Your passport must be valid for the expected duration of your stay in Dominica.,"Tourist visa: not required for stays of up to 6 months
Business visa: not required
Student visa: required",https://travel.gc.ca/destinations/dominica,2020-07-15 14:45:38
Dominican Republic,Exercise a high degree of caution,Your passport must be valid for at least 6 months beyond the date you expect to leave the Dominican Republic.,"Tourist visa: not required
Work visa: required
Student visa: required
Residence visa: required",https://travel.gc.ca/destinations/dominican-republic,2020-07-15 14:45:38
Ecuador,Exercise a high degree of caution,Your passport must be valid for at least 6 months beyond the date you expect to leave Ecuador.,"Tourist visa: Not required 
Business visa: Not required 
Student visa: Not required",https://travel.gc.ca/destinations/ecuador,2020-07-15 14:45:38
Egypt,Exercise a high degree of caution,Your passport must be valid for at least 6 months beyond the date you expect to leave Egypt.,Canadians must be in possession of a visa to visit Egypt.,https://travel.gc.ca/destinations/egypt,2020-07-15 14:45:38
El Salvador,Exercise a high degree of caution,Your passport must be valid for at least 6 months beyond the date you expect to leave El Salvador.,"Tourist visa: Not required
Business visa: Not required
Student visa: Not required",https://travel.gc.ca/destinations/el-salvador,2020-07-15 14:45:38
Equatorial Guinea,Exercise a high degree of caution,Your passport must be valid for at least 6 months beyond the date you expect to leave Equatorial Guinea.,"Tourist visa: Required
Business visa: Required",https://travel.gc.ca/destinations/equatorial-guinea,2020-07-15 14:45:38
Eritrea,Avoid non-essential travel,Your passport must be valid for at least 6 months beyond the date you expect to leave Eritrea.,You need a visa.,https://travel.gc.ca/destinations/eritrea,2020-07-15 14:45:38
Estonia,Take normal security precautions,Your passport must be valid for at least 3 months beyond the date you expect to leave the Schengen area.,"Tourist visa: not required for stays of fewer than 90 days in any 180-day period*
Transit visa: not required
Business visa: not required for stays of fewer than 90 days in any 180-day period*",https://travel.gc.ca/destinations/estonia,2020-07-03 10:51:29
Eswatini,Take normal security precautions,"Your passport must be valid for at least 6 months beyond the date you expect to leave Eswatini, and have at least 2 blank pages.","Tourist visa: Not required for stays up to 30 days
Business visa: Not required
Student visa: Not required",https://travel.gc.ca/destinations/eswatini,2020-07-15 14:45:38
Ethiopia,Exercise a high degree of caution,Your passport must be valid for at least 6 months beyond the date you expect to leave Ethiopia.,"Tourist visa: Required
Business visa: Required
Transit visa: Required",https://travel.gc.ca/destinations/ethiopia,2020-07-15 15:27:52
Falkland Islands,Take normal security precautions,Your passport must be valid for the expected duration of your stay in the Falkland Islands. ,"Tourist Visa: Not required for stays up to 4 months
Business Visa: Required",https://travel.gc.ca/destinations/falkland-islands,2020-07-15 14:45:38
Fiji,Take normal security precautions,Your passport must be valid for at least 6 months beyond the date you expect to leave Fiji.,"Tourist visa: Issued upon arrival for stays of up to 4 months
Business visa: Required
Work visa: Required",https://travel.gc.ca/destinations/fiji,2020-07-15 14:45:38
Finland,Take normal security precautions,Your passport must be valid for at least 3 months beyond the date you expect to leave the Schengen area.,Tourist visa: Not required for stays up to 90 days,https://travel.gc.ca/destinations/finland,2020-07-03 10:51:29
France,Exercise a high degree of caution,Your passport must be valid for at least 3 months beyond the date you expect to leave the Schengen area.,Tourist visa: Not required for stays up to 90 days,https://travel.gc.ca/destinations/france,2020-07-14 10:13:33
French Guiana,Take normal security precautions,Your passport must be valid for at least 3 months beyond the date you expect to leave French Guiana.,"Tourist visa: not required for stays up to 90 days
Long-stay or residency visa: required for stays more than 90 days
Professional visa: required
Student visa: required",https://travel.gc.ca/destinations/french-guiana,2020-07-15 15:47:46
French Polynesia,Take normal security precautions,Your passport must be valid for at least 3 months beyond the date you expect to leave French Polynesia.,"Tourist visa: Not required for stays up to 90 days
Professional visa: Required
Student visa: Required",https://travel.gc.ca/destinations/french-polynesia,2020-07-15 15:53:18
Gabon,Exercise a high degree of caution,Your passport must be valid for at least 6 months beyond the date you expect to leave Gabon.,Canadians must be in possession of a visa to visit Gabon. Consult the Embassy of the Gabonese Republic for information on how to obtain a visa.,https://travel.gc.ca/destinations/gabon,2020-07-15 14:45:38
"Gambia, The",Exercise a high degree of caution,Your passport must be valid for the duration of your stay.,"Tourist visa: Required 
Business visa: Required
Employment permit: Required",https://travel.gc.ca/destinations/gambia-the,2020-07-15 14:45:38
Georgia,Take normal security precautions,Your passport must be valid for at least 6 months beyond the date you expect to leave Georgia.,"Tourist visa: Not required for stays up to 365 days
Business visa: Not required for stays up to 365 days
Student visa: Not required for stays up to 365 days",https://travel.gc.ca/destinations/georgia,2020-07-15 14:45:38
Germany,Take normal security precautions,Your passport must be valid for at least 3 months beyond the date you expect to leave the Schengen area.,Tourist visa: Not required for stays up to 90 days,https://travel.gc.ca/destinations/germany,2020-07-03 10:51:29
Ghana,Exercise a high degree of caution,Your passport must be valid for at least 6 months beyond the date you expect to leave Ghana.,"Tourist visa: Required
Business visa: Required
Student visa: Required",https://travel.gc.ca/destinations/ghana,2020-07-15 14:45:38
Gibraltar,Take normal security precautions,Your passport must be valid for at least 3 months beyond the date of expected departure from Gibraltar.,"Tourist visa: Not required for stays up to 180 days
Work permit: Required
Student visa: Required",https://travel.gc.ca/destinations/gibraltar,2020-07-15 14:45:38
Greece,Take normal security precautions,Your passport must be valid for at least 3 months beyond the date you expect to leave the Schengen area.,Tourist visa: Not required for stays up to 90 days,https://travel.gc.ca/destinations/greece,2020-07-03 10:51:29
Greenland,Take normal security precautions,Your passport must be valid for at least 3 months beyond the date you expect to leave from Greenland.,"Tourist visa: Not required for stays up to 90 days in a 180 day period
Business visa: Not required for stays up to 90 days",https://travel.gc.ca/destinations/greenland,2020-07-15 14:45:38
Grenada,Take normal security precautions,Your passport must be valid for the expected duration of your stay in Grenada.,"Tourist visa: Not required for stays up to 90 days 
Business visa: Not required
Student visa: Not required",https://travel.gc.ca/destinations/grenada,2020-07-15 14:45:38
Guadeloupe,Take normal security precautions,Your passport must be valid for at least 3 months beyond the date of expected departure from Guadeloupe.,"Tourist visa: not required for stays up to 90 days
Business visa: required
Student visa: required",https://travel.gc.ca/destinations/guadeloupe,2020-07-15 15:48:59
Guam,Take normal security precautions,,,https://travel.gc.ca/destinations/guam,2020-07-15 14:45:38
Guatemala,Exercise a high degree of caution,Your passport must be valid at least 6 months beyond the date you expect to leave Guatemala.,"Tourist visa: not required
Business visa: required
Student visa: required",https://travel.gc.ca/destinations/guatemala,2020-07-15 14:45:38
Guinea,Exercise a high degree of caution,Your passport must be valid for at least the duration of your stay.,You must obtain a visa prior to your departure for Guinea.,https://travel.gc.ca/destinations/guinea,2020-07-15 14:45:38
Guinea-Bissau,Exercise a high degree of caution,Your passport must be valid for at least 3 months beyond the date you expect to leave Guinea-Bissau.,Canadians must have a visa to enter Guinea-Bissau.,https://travel.gc.ca/destinations/guinea-bissau,2020-07-15 16:46:31
Guyana,Exercise a high degree of caution,Your passport must be valid at least 6 months beyond the date you expect to leave Guyana.,"Tourist visa: Not required (up to 90 days)
Business visa: Not required
Student visa: Not required",https://travel.gc.ca/destinations/guyana,2020-07-15 14:45:38
Haiti,Avoid non-essential travel,Your passport must be valid for the expected duration of your stay in Haiti.,"Work permit: Required
Tourist visa: Not required
Business visa: Not required
Student visa: Required",https://travel.gc.ca/destinations/haiti,2020-07-15 14:45:38
Honduras,Exercise a high degree of caution,Your passport must be valid at least 6 months from the date of entry.,"Tourist visa: Not required for stays up to 90 days
Business visa: Not required for stays up to 30 days
Student visa: Required",https://travel.gc.ca/destinations/honduras,2020-07-15 14:45:38
Hong Kong,Exercise a high degree of caution,Your passport must be valid for at least 1 month beyond the expiry date of your visa.,"Tourist visa: Not required for stays of up to 90 days
Business visa: Not required for stays of up to 90 days
Student visa: Required",https://travel.gc.ca/destinations/hong-kong,2020-07-15 14:45:38
Hungary,Take normal security precautions,Your passport must be valid for at least 3 months beyond the date you expect to leave the Schengen area.,"Tourist visa: Not required for stays less than 90 days in any 180-day period*
Business visa: Not required for stays less than 90 days in any 180-day period*
Student visa: Not required for stays less than 90 days in any 180-day period*",https://travel.gc.ca/destinations/hungary,2020-07-03 10:51:29
Iceland,Take normal security precautions,Your passport must be valid for at least 3 months beyond the date you expect to leave the Schengen area.,Tourist visa: Not required for stays up to 90 days,https://travel.gc.ca/destinations/iceland,2020-07-15 14:45:38
India,Exercise a high degree of caution,Your passport must be valid for 6 months from your date of entry into India and must contain two blank pages for use by immigration officials.,"Tourism visa: required
Work visa: required
Business visa: required
Student visa: required",https://travel.gc.ca/destinations/india,2020-07-15 14:45:38
Indonesia,Exercise a high degree of caution,Your passport must be valid for 6 months beyond the date of entry into Indonesia and must contain at least one blank page for the placement of the Indonesian visa or entry stamp.,Free visit (stays under 30 days): Not required,https://travel.gc.ca/destinations/indonesia,2020-07-15 14:45:38
Iran,Avoid all travel,Your passport must be valid for at least 6 months beyond the date you expect to leave Iran.,"Canadians must be in possession of a visa to visit Iran.Tourist visa: Required
Business visa: Required
Student visa: Required
Pilgrimage visa: Required
Press visa: Required
Transit visa: RequiredOverstaying your visa may lead to detention, imprisonment and fines and you will be required to remain in Iran until the situation has been resolved.The application process for an Iranian visa can be long. It should be started well in advance of your date of travel. One of the following third parties must submit a tourist visa application on your behalf:a travel agency or tour guidean organizationa relative or another sponsor in IranBusiness visitorsYou can obtain a business visa, which is valid for 72 hours, at any point of entry. The host company must contact the Passport and Visa Department of the Iranian Ministry of Foreign Affairs prior to your arrival to complete the necessary paperwork.Your passport may be confiscated in business disputes.Dual citizenshipUnder Iranian law, dual Canadian-Iranians citizens must enter and exit Iran using their Iranian passport. When returning to Canada from Iran, they must present to Canadian officials the passport they used to leave Canada.If you enter Iran with a transit pass issued by an embassy of the Islamic Republic of Iran abroad, it may take up to a year to obtain an Iranian passport to exit Iran or return to Canada.Iranian immigration authorities have confiscated the foreign passports (including Canadian) of Iranian dual citizens.Iranian authorities sometimes insert an observation in Iranian passports limiting the bearer to one trip to Iran per year. Dual citizens using an Iranian passport to enter Iran should take note of this limitation, as it is strictly enforced: those who have exceeded this limitation have been prohibited from leaving Iran. This situation seems more likely to occur when dual citizens have not completed their military service in Iran.Dual Canadian-Iranians who have obtained their Canadian citizenship after being accepted as refugees in Canada may have their Iranian passport seized at a port of entry and be prohibited from leaving Iran for a year.See Laws &amp; Culture for more information on dual citizenship.Regional travelCanadians have been denied entry into Iran because their passports bore an Israeli visa, an Israeli border stamp or an Egyptian or Jordanian border stamp issued by an office bordering Israel, which would indicate the traveller entered from Israel.",https://travel.gc.ca/destinations/iran,2020-07-15 14:45:38
Iraq,Avoid all travel,Your passport must be valid for at least 6 months from the date of entry into Iraq.,"Canadians must have a visa to visit Iraq. After 10 days in the country, you must register your arrival with the Iraqi Residence Office (Ministry of Interior). After three months in Iraq, you must apply for a one-year residence permit.",https://travel.gc.ca/destinations/iraq,2020-07-15 14:45:38
Ireland,Take normal security precautions,Your passport must be valid for the expected duration of your stay in Ireland.,Tourist visa: Not required for stays up to 90 days,https://travel.gc.ca/destinations/ireland,2020-07-15 13:42:00
"Israel, the West Bank and the Gaza Strip",Exercise a high degree of caution,"Your passport must be valid for at least 6 months beyond the date you expect to leave Israel, the West Bank or the Gaza Strip.","Tourist visa: Not required for stays up to 90 days
Business visa: Not required
Student visa: Not required
Work visa: Required (must be arranged by Israeli employer)",https://travel.gc.ca/destinations/israel-the-west-bank-and-the-gaza-strip,2020-07-15 14:45:38
Italy,Take normal security precautions,Your passport must be valid for at least 3 months beyond the date you expect to leave the Schengen area.,"Tourist visa: Not required for stays up to 90 days
Business visa: Not required for stays up 90 days
Work visa: Required
Student visa: Required",https://travel.gc.ca/destinations/italy,2020-07-14 16:29:00
Jamaica,Exercise a high degree of caution,Your passport must be valid for the expected duration of your stay in Jamaica.,"Work visa: required
Tourist visa: not required (for stays up to six months)
Business visa: required 
Student visa: required",https://travel.gc.ca/destinations/jamaica,2020-07-15 14:45:38
Japan,Take normal security precautions,"Your passport must be valid for the expected duration of your stay in Japan. If you plan to travel to other countries in the region, check passport validity requirements for the countries you plan to visit. ","Tourist visa: Not required for stays up to a maximum of 90 days
Business visa: Required
Work visa: Required
Student visa: Required ",https://travel.gc.ca/destinations/japan,2020-07-14 16:17:45
Jordan,Exercise a high degree of caution,Your passport must be valid for at least 6 months beyond the date you expect to leave Jordan.,Tourism visa,https://travel.gc.ca/destinations/jordan,2020-07-15 14:45:38
Kazakhstan,Exercise a high degree of caution,Your passport must be valid for at least 6 months beyond the date you expect to leave Kazakhstan.,You must obtain a visa to visit Kazakhstan.,https://travel.gc.ca/destinations/kazakhstan,2020-07-15 14:45:38
Kenya,Exercise a high degree of caution,Your passport must be valid for at least six months from the date of entry into Kenya.,"Canadians must be in possession of a visa to transit through, visit or work in Kenya.",https://travel.gc.ca/destinations/kenya,2020-07-15 14:45:38
Kiribati,Take normal security precautions,Your passport must be valid for at least 6 months beyond the date you expect to leave Kiribati.,"Tourist visa: Not required for up to 30 days 
Business visa: Required unless you are travelling for short term business such as a meeting, seminar, conference or workshop
Student visa: Required",https://travel.gc.ca/destinations/kiribati,2020-07-15 14:45:38
Kosovo,Take normal security precautions,Your passport must be valid for at least 6 months beyond the date you expect to leave from Kosovo.,"Tourist visa: Not required for stays up to 90 days
Business visa: Not required for stays up to 90 days
Student visa: Not required for stays up to 90 days",https://travel.gc.ca/destinations/kosovo,2020-07-15 14:45:38
Kuwait,Exercise a high degree of caution,Your passport must be valid for at least 6 months beyond the date you expect to leave Kuwait.,Canadians must be in possession of a visa to visit Kuwait.,https://travel.gc.ca/destinations/kuwait,2020-07-15 14:45:38
Kyrgyzstan,Exercise a high degree of caution,Your passport must be valid for at least 8 months beyond the date you expect to leave Kyrgyzstan.,"Tourist visa: Not required (for stays up to 60 days) 
Business visa: Not required (for stays up to 60 days) 
Student visa: Not required (for stays up to 60 days)",https://travel.gc.ca/destinations/kyrgyzstan,2020-07-15 14:45:38
Laos,Exercise a high degree of caution,Your passport must be valid for at least 6 months beyond the date you expect to leave Laos.,Canadians must be in possession of a visa.,https://travel.gc.ca/destinations/laos,2020-06-16 14:34:23
Latvia,Take normal security precautions,Your passport must be valid for at least 3 months beyond the date you expect to leave the Schengen area.,"Tourist visa: not required for stays up to 90 days*
Business visa: not required for stays up to 14 days
Student visa: not required for stays up to 90 days*
Work permit: required",https://travel.gc.ca/destinations/latvia,2020-07-03 10:51:29
Lebanon,Exercise a high degree of caution,Your passport must be valid for at least 6 months beyond the date you expect to leave Lebanon.,Canadians must be in possession of a visa to visit Lebanon. Visas are available at Lebanese diplomatic missions abroad or at any port of entry into Lebanon.,https://travel.gc.ca/destinations/lebanon,2020-07-15 14:45:38
Lesotho,Exercise a high degree of caution,Your passport must be valid for at least 3 months beyond the date you enter Lesotho.,Canadians do not require a visa for stays up to 14 days.,https://travel.gc.ca/destinations/lesotho,2020-07-15 14:45:38
Liberia,Exercise a high degree of caution,Your passport must be valid for at least 6 months beyond the date you expect to leave Liberia.,Tourist visa: required,https://travel.gc.ca/destinations/liberia,2020-07-15 14:45:38
Libya,Avoid all travel,Your passport must be valid for at least 6 months beyond the date you expect to leave Libya.,Canadians must be in possession of a visa to visit Libya. You may have difficulties obtaining a visa if your passport expires before the visa’s 6-month validity period expires.,https://travel.gc.ca/destinations/libya,2020-07-15 14:45:38
Liechtenstein,Take normal security precautions,Your passport must be valid for at least 3 months beyond the date you expect to leave the Schengen area.,Tourist visa: Not required for stays up to 90 days*,https://travel.gc.ca/destinations/liechtenstein,2020-07-15 14:45:38
Lithuania,Take normal security precautions,Your passport must be valid for at least 3 months beyond the date you expect to leave the Schengen area.,"Tourist visa: not required for stays up to 90 days*
Student visa: required
Work permit: required",https://travel.gc.ca/destinations/lithuania,2020-07-03 10:51:29
Luxembourg,Take normal security precautions,Your passport must be valid for at least 3 months beyond the date you expect to leave the Schengen area.,"Tourist visa: not required for stays up to 90 days*
Business visa: not required for stays up 90 days*
Student visa: required",https://travel.gc.ca/destinations/luxembourg,2020-07-03 10:51:29
Macao,Take normal security precautions,Your passport must be valid for at least 30 days beyond the date of expected departure from Macao.,"A visa is not required for stays of fewer than 30 days. For longer stays, you must apply for an extension of stay, which must be approved by the Immigration Department of the Macao SAR.",https://travel.gc.ca/destinations/macao,2020-07-15 14:45:38
Madagascar,Exercise a high degree of caution,Your passport must be valid for at least 6 months after the date you enter Madagascar.,Canadians must also be in possession of a visa and a round-trip ticket.,https://travel.gc.ca/destinations/madagascar,2020-07-15 14:45:38
Malawi,Exercise a high degree of caution,Your passport must be valid for at least six months beyond the date you expect to leave Malawi.,"Tourist visa: Required 
Business visa: Required 
Student visa: Required",https://travel.gc.ca/destinations/malawi,2020-07-15 16:24:51
Malaysia,Exercise a high degree of caution,Your passport must be valid for at least 6 months beyond the date you expect to leave Malaysia.,"Tourist visa: Not required (for stays of up to 90 days) 
Business visa: Required 
Student visa: Required",https://travel.gc.ca/destinations/malaysia,2020-06-16 14:34:23
Maldives,Exercise a high degree of caution,Your passport must be valid for at least 6 months from your date of entry in the Maldives.,"Tourist visa: Required (issued upon arrival)
Business visa: Required
Student visa: Required",https://travel.gc.ca/destinations/maldives,2020-07-15 14:45:38
Mali,Avoid all travel,Your passport must be valid for at least 6 months beyond the date you expect to leave Mali.,You must have a visa to visit Mali. You should obtain prior to arrival.,https://travel.gc.ca/destinations/mali,2020-07-15 14:45:38
Malta,Take normal security precautions,Your passport must be valid for at least 3 months beyond the date you expect to leave the Schengen area.,"Tourist visa: not required for stays up to 90 days*
Business visa: not required for stays up to 90 days
Student visa: not required for stays up to 90 days",https://travel.gc.ca/destinations/malta,2020-07-03 10:51:29
Marshall Islands,Take normal security precautions,Your passport must be valid for at least 6 months beyond the date you expect to leave the Marshall Islands.,"Tourist visa: Required
Business visa: Required
Student visa: Required",https://travel.gc.ca/destinations/marshall-islands,2020-07-15 14:45:38
Martinique,Take normal security precautions,Your passport must be valid for at least 3 months beyond the date you expect to leave Martinique.,"Tourist visa: Not required for stays up to 90 days
Long-stay or residency visa: Required for stays longer than 90 days
Professional visa: Required
Student visa: Required",https://travel.gc.ca/destinations/martinique,2020-07-15 15:50:09
Mauritania,Avoid non-essential travel,Your passport must be valid when you enter Mauritania.,Canadians can obtain a visa prior to or upon arriving in Mauritania.,https://travel.gc.ca/destinations/mauritania,2020-07-15 14:45:38
Mauritius,Take normal security precautions,Your passport must be valid for at least 6 months beyond the date you expect to leave Mauritius.,"Tourist visa: Not required for stays of less than 90 days
Student visa: Required
Work permit: Required",https://travel.gc.ca/destinations/mauritius,2020-07-15 14:45:38
Mayotte,Take normal security precautions,Your passport must be valid for the duration of your stay.,"Tourist visa: Not required for stays up to 90 days
Long-stay visa: Required if stays exceed 90 days
Student/work visa: Required",https://travel.gc.ca/destinations/mayotte,2020-07-15 15:58:05
Mexico,Exercise a high degree of caution,"Your passport must be valid for the expected duration of your stay in Mexico.Permanent residents of Canada must consult Mexico’s immigration agency, for specific entry requirements.Instituto Nacional de Migración (INM) - Mexico's immigration agency (in Spanish)","Tourist visa: not required
Business visa: required 
Work visa: required 
Student visa: required",https://travel.gc.ca/destinations/mexico,2020-07-15 14:45:38
Micronesia (FSM),Take normal security precautions,Your passport must be valid for at least 6 months beyond the date you expect to leave Micronesia.,Tourist visa: Not required for stays of up to 30 days,https://travel.gc.ca/destinations/micronesia-fsm,2020-07-15 14:45:38
Moldova,Take normal security precautions,Your passport must be valid for at least 6 months beyond the date you expect to leave from Moldova.,"Tourist visa: not required for up to 90 days per 6-month period
Business visa: not required for up to 90 days per 6-month period
Student visa: not required for up to 90 days per 6-month period",https://travel.gc.ca/destinations/moldova,2020-07-15 14:45:38
Monaco,Take normal security precautions,Your passport must be valid for the expected duration of your stay in Monaco.,Tourist visa: Not required for stays up to 90 days*,https://travel.gc.ca/destinations/monaco,2020-07-15 14:45:38
Mongolia,Take normal security precautions,Your passport must be valid for at least 6 months beyond the date you expect to leave Mongolia.,Tourist visa: Not required for stays of up to 30 days,https://travel.gc.ca/destinations/mongolia,2020-07-14 16:22:29
Montenegro,Take normal security precautions,Your passport must be valid for at least 6 months beyond the date you expect to leave from Montenegro.,Tourist visa: Not required for stays up to 90 days,https://travel.gc.ca/destinations/montenegro,2020-07-15 14:45:38
Montserrat,Take normal security precautions,"Your passport must be valid for the expected duration of your stay in Montserrat. You must also comply with entry requirements for the United States, if transiting through that country.","Tourist visa: Not required
Business visa: Not required
Student visa: Not required",https://travel.gc.ca/destinations/montserrat,2020-07-15 14:45:38
Morocco,Exercise a high degree of caution,Your passport must be valid for at least 6 months beyond the date you expect to leave Morocco.,"Tourist visa: Not required for stays of less than 90 days
Business visa: Not required for stays of less than 90 days
Student visa: Not required for stays of less than 90 days",https://travel.gc.ca/destinations/morocco,2020-07-15 14:45:38
Mozambique,Exercise a high degree of caution,Your passport must be valid at least 6 months beyond the date you expect to leave Mozambique.,Canadians must have a visa.,https://travel.gc.ca/destinations/mozambique,2020-07-15 14:45:38
Myanmar,Exercise a high degree of caution,Your passport must be valid for at least 6 months beyond the date you expect to leave from Myanmar.,A visa is required for tourism and business purposes. It should be obtained prior to travel at a Myanmar diplomatic mission. An eVisa option and multiple-entry business visas are available.,https://travel.gc.ca/destinations/myanmar,2020-06-16 14:34:23
Namibia,Exercise a high degree of caution,Your passport must be valid for a minimum of 6 months after the date you enter Namibia.,"Tourist visa: Not required for stays up to 90 days
Business visa: Not required for stays up to 90 days
Student visa: Required
Employment visa: Required",https://travel.gc.ca/destinations/namibia,2020-07-15 14:45:38
Nauru,Take normal security precautions,Your passport must be valid for at least 3 months beyond your date of entry into Nauru.,Canadians must obtain a visa prior to travelling to Nauru.,https://travel.gc.ca/destinations/nauru,2020-07-15 14:45:38
Nepal,Exercise a high degree of caution,Your passport must be valid for at least 6 months beyond the date you expect to leave Nepal.,"Tourist visa: Required (valid for up to 60 days)
Business visa: Required (only issued in Nepal)
Student visa: Required",https://travel.gc.ca/destinations/nepal,2020-07-07 14:44:01
Netherlands,Exercise a high degree of caution,Your passport must be valid for at least 3 months beyond the date you expect to leave the Schengen area.,Tourist visa: Not required for stays up to 90 days,https://travel.gc.ca/destinations/netherlands,2020-07-03 10:51:29
New Caledonia,Take normal security precautions,Your passport must be valid at least 6 months beyond the date you expect to leave New Caledonia.,"Tourist visa: Not required for stays up to 90 days
Long-stay or residency visa: Required for stays more than 90 days
Work visa: Required
Student visa: Required",https://travel.gc.ca/destinations/new-caledonia,2020-07-15 15:54:42
New Zealand,Take normal security precautions,Your passport must be valid for at least 3 months beyond the date you expect to leave from New Zealand.,"Tourist visa: Not required (for stays of up to 90 days)
Business visa: Required
Student visa: Required",https://travel.gc.ca/destinations/new-zealand,2020-07-15 14:45:38
Nicaragua,Exercise a high degree of caution,Your passport must be valid for at least 6 months beyond the date you expect to leave Nicaragua.,"Tourist visa: not required for stays of up to 90 days*
Business visa: not required*
Student visa: not required*",https://travel.gc.ca/destinations/nicaragua,2020-07-15 14:45:38
Niger,Avoid all travel,Your passport must be valid for at least 6 months beyond the date you expect to leave Niger.,"Prior to your travel, Canadians must obtain a visa to visit Niger.",https://travel.gc.ca/destinations/niger,2020-07-15 14:45:38
Nigeria,Avoid non-essential travel,Your passport must be valid for at least six months beyond the date you expect to leave Nigeria.,Canadians must have a visa to visit Nigeria.,https://travel.gc.ca/destinations/nigeria,2020-07-15 14:45:38
Niue,Take normal security precautions,Your passport must be valid for at least 6 months beyond the date you expect to leave Niue.,"Tourist visa: Not required for stays up to 30 days
Business visa: Not required for stays up to 30 days",https://travel.gc.ca/destinations/niue,2020-07-15 14:45:38
North Korea,Avoid all travel,Your passport must be valid at least 6 months beyond the date you expect to leave North Korea.,Canadians must have a visa to enter North Korea. You can obtain a visa from a North Korean mission in a third country after approval from the government in Pyongyang. The process for obtaining visas can be extremely slow and arduous.,https://travel.gc.ca/destinations/north-korea,2020-07-15 14:45:38
North Macedonia,Take normal security precautions,Your passport must be valid for at least 6 months beyond the date you expect to leave from North Macedonia.,Tourist visa: Not required for stays up to 90 days,https://travel.gc.ca/destinations/north-macedonia,2020-07-15 14:45:38
Northern Marianas,Take normal security precautions,,,https://travel.gc.ca/destinations/northern-marianas,2020-07-15 14:45:38
Norway,Take normal security precautions,Your passport must be valid for at least 3 months beyond the date you expect to leave the Schengen area.,"Tourist visa: not required for stays up to 90 days*
Business visa: not required
Work visa: employment authorization must be obtained outside of Norway, prior to arrival. 
Student visa: not required for stays up to 90 days",https://travel.gc.ca/destinations/norway,2020-07-15 14:45:38
Oman,Exercise a high degree of caution,Your passport must be valid for at least 6 months beyond the date of entry to Oman.,Canadians need a visa to visit Oman.,https://travel.gc.ca/destinations/oman,2020-07-15 14:45:38
Pakistan,Avoid non-essential travel,Your passport must be valid for at least 6 months beyond the date you expect to leave Pakistan.,Canadians must be in possession of a visa to visit Pakistan.,https://travel.gc.ca/destinations/pakistan,2020-07-15 14:45:38
Palau,Take normal security precautions,,"Visas are issued upon arrival at the airport.

Stays beyond 30 days must be approved by Palau’s Chief of Immigration and cost US$50.",https://travel.gc.ca/destinations/palau,2020-07-15 14:45:38
Panama,Take normal security precautions,Your passport must be valid for at least 3 months beyond the date you expect to leave Panama.,"Tourist visa: Not required
Business visa: Required 
Student visa: Required",https://travel.gc.ca/destinations/panama,2020-07-15 14:45:38
Papua New Guinea,Exercise a high degree of caution,Your passport must be valid for at least 6 months beyond the date you expect to leave Papua New Guinea.,"Tourist visa: Required 
Business visa: Required 
Student visa: Required",https://travel.gc.ca/destinations/papua-new-guinea,2020-07-15 14:45:38
Paraguay,Exercise a high degree of caution,Your passport must be valid expected duration of your stay in Paraguay.Ensure that your passport is stamped by an immigration official if entering Paraguay overland or you will receive a heavy fine when leaving the country.,"Tourist visa: required 
Business visa: required 
Student visa: required",https://travel.gc.ca/destinations/paraguay,2020-07-15 14:45:38
Peru,Exercise a high degree of caution,Your passport must be valid for at least 6 months beyond the date you expect to leave Peru.,"Tourist visa: Not required
Business visa: Required 
Student visa: Required",https://travel.gc.ca/destinations/peru,2020-07-15 14:45:38
Philippines,Exercise a high degree of caution,Your passport must be valid for the duration of your stay.,"Tourist visa: Not required for stays of up to 30 days
Business visa: Not required for stays of up to 30 days
Student visa: Required",https://travel.gc.ca/destinations/philippines,2020-07-03 12:47:49
Poland,Take normal security precautions,Your passport must be valid for at least 3 months beyond the date you expect to leave the Schengen area.,Tourist visa: Not required for stays up to 90 days*,https://travel.gc.ca/destinations/poland,2020-07-03 10:51:29
Portugal,Take normal security precautions,Your passport must be valid for at least 3 months beyond the date you expect to leave the Schengen area.,Tourist visa: Not required for stays up to 90 days (see Schengen area for details),https://travel.gc.ca/destinations/portugal,2020-07-03 10:51:29
Puerto Rico,Take normal security precautions,,,https://travel.gc.ca/destinations/puerto-rico,2020-07-15 14:45:38
Qatar,Take normal security precautions,Your passport must be valid at least 6 months beyond the date you expect to leave Qatar.,"Canadians must have a visa to visit Qatar, which they can obtain when they arrive. Visas are valid for 30 days",https://travel.gc.ca/destinations/qatar,2020-07-15 14:45:38
Republic of Congo (Brazzaville),Exercise a high degree of caution,Your passport must be valid for at least 6 months beyond the date you expect to leave the Republic of Congo.,Canadians must obtain a visa.,https://travel.gc.ca/destinations/congo-brazzaville,2020-07-15 14:45:38
Romania,Take normal security precautions,Your passport must be valid for at least 3 months beyond the date you expect to leave from Romania.,Tourist visa: Not required for stays up to 90 days within any 180-day period,https://travel.gc.ca/destinations/romania,2020-07-03 10:51:29
Russia,Exercise a high degree of caution,Your passport must be valid for at least 6 months beyond the date you expect to leave Russia.,"Canadians must be in possession of a visa to visit Russia. Visa applications must be submitted electronically, via the Embassy of the Russian Federation’s website.",https://travel.gc.ca/destinations/russia,2020-07-15 14:45:38
Rwanda,Exercise a high degree of caution,Your passport must be valid for at least 6 months beyond the date you expect to leave Rwanda.,Canadians must be in possession of a visa to visit Rwanda.,https://travel.gc.ca/destinations/rwanda,2020-07-15 14:45:38
Réunion,Take normal security precautions,Your passport must be valid for at least 3 months beyond the date you expect to leave Réunion.,Visa requirements are the same as those of France.,https://travel.gc.ca/destinations/reunion,2020-07-15 15:44:46
Saint Kitts and Nevis,Take normal security precautions,Your passport must be valid for at least 6 months beyond the date you expect to leave Saint Kitts and Nevis.,"Tourist visa: Not required
Business visa: Not required
Student visa: Required",https://travel.gc.ca/destinations/saint-kitts-and-nevis,2020-07-15 14:45:38
Saint Lucia,Take normal security precautions,Your passport must be valid for at least 3 months beyond the date you expect to leave Saint Lucia.,"Tourist visa: Not required (for stays up to 42 days)
Business visa: Not required 
Student visa: Not required",https://travel.gc.ca/destinations/saint-lucia,2020-07-15 14:45:38
Saint Martin,Take normal security precautions,Your passport must be valid for at least 3 months beyond the date you expect to leave Saint Martin.,"Tourist visa: not required for stays up to 90 days
Long-stay or residency visa: required for stays more than 90 days
Professional visa: required
Student visa: required",https://travel.gc.ca/destinations/saint-martin,2020-07-15 15:51:38
Saint Vincent & the Grenadines,Take normal security precautions,Your passport must be valid for the expected duration of your stay in Saint Vincent and the Grenadines.,"Tourist visa: Not required for stays up to one month
Business visa: Not required for stays up to one month
Student visa: Not required for stays up to one month",https://travel.gc.ca/destinations/saint-vincent-the-grenadines,2020-07-15 14:45:38
Saint-Barthélemy,Take normal security precautions,Your passport must be valid for at least 3 months beyond the date you expect to leave Saint-Barthélemy.,"Tourist visa: Not required for stays up to 90 days within a six-month period
Professional visa: Required
Student visa: Required",https://travel.gc.ca/destinations/saint-barthelemy,2020-07-15 15:43:28
Saint-Pierre-et-Miquelon,Take normal security precautions,"Your passport must be valid for at least 3 months beyond the expiration date of your visa, if you are staying longer than 90 days.If arriving directly from Canada and staying fewer than 90 days, presenting official photo identification, such as a citizenship card, a driver’s licence or a student card, is also acceptable.","Tourist visa: not required for stays up to 3 months within any 6-month period
Long stay or residency visa: required*",https://travel.gc.ca/destinations/saint-pierre-et-miquelon,2020-07-15 15:46:31
Samoa,Take normal security precautions,Your passport must be valid for at least 6 months beyond the date you expect to leave Samoa.,,https://travel.gc.ca/destinations/samoa,2020-07-15 14:45:38
San Marino,Take normal security precautions,,"San Marino does not issue entrance visas. If you plan to stay more than 10 days, you must report to the Gendarmerie of San Marino to obtain a permit.",https://travel.gc.ca/destinations/san-marino,2020-07-15 14:45:38
Sao Tome and Principe,Take normal security precautions,Your passport must be valid for the duration of your stay.,"Tourist visa: Not required for stays of less than 15 days
Business visa: Required
Student visa: A tourist visa is issued to students",https://travel.gc.ca/destinations/sao-tome-and-principe,2020-07-15 14:45:38
Saudi Arabia,Exercise a high degree of caution,Your passport must be valid for at least 6 months beyond the date you expect to leave Saudi Arabia.,"You must obtain a visa to visit Saudi Arabia. Overstaying your visa will result in large fines. All visa applications, with the exception of applications for tourist visas, must be sponsored by a Saudi citizen, a travel agency or an organization.",https://travel.gc.ca/destinations/saudi-arabia,2020-07-15 14:45:38
Senegal,Exercise a high degree of caution,Your passport must be valid for at least 6 months beyond the date you expect to leave Senegal.,"Tourist visa: Not required (for stays of less than 90 days)
Business visa: Not required (for stays of less than 90 days)
Student visa: Not required (for stays of less than 90 days)",https://travel.gc.ca/destinations/senegal,2020-07-15 14:45:38
Serbia,Take normal security precautions,Your passport must be valid for the expected duration of your stay in Serbia.It is important to get your passport stamped when you first enter Serbia. The absence of an entry stamp from the point of entry could create difficulties at the time of departure from the country. Ensure you also obtain an exit stamp to avoid complications if you intend to return.,"Tourist visa: Not required for stays up to 90 days
Business visa: Not required for stays up to 90 days
Student visa: Not required for stays up to 90 days",https://travel.gc.ca/destinations/serbia,2020-07-15 14:45:38
Seychelles,Take normal security precautions,Your passport must be valid for the duration of your stay.,"Tourist visa: Not required (for stays less than 90 days)
Business visa: Not required
Student visa: Not required",https://travel.gc.ca/destinations/seychelles,2020-07-15 14:45:38
Sierra Leone,Exercise a high degree of caution,Your passport must be valid upon entry.,Canadians must be in possession of a visa to visit Sierra Leone.,https://travel.gc.ca/destinations/sierra-leone,2020-07-15 14:45:38
Singapore,Take normal security precautions,Your passport must be valid for at least 6 months beyond the date you expect to leave Singapore.,"Tourist visa: Not required (for stays of up to 30 days)
Business visa: Not required (for stays of up to 30 days)
Student visa: Required",https://travel.gc.ca/destinations/singapore,2020-06-16 14:34:23
Sint Maarten,Take normal security precautions,Your passport must be valid for the expected duration of your stay in Sint Maarten. Permanent residents of Canada must travel with their Permanent Resident Card and a valid passport from their country of origin.,"Tourist visa: not required (for stays of up to 3 months)
Business visa: not required
Work permit: required
Student visa: required",https://travel.gc.ca/destinations/sint-maarten,2020-07-15 14:45:38
Slovakia,Take normal security precautions,Your passport must be valid for at least 3 months beyond the date you expect to leave the Schengen area.,"Tourist visa: Not required for stays up to 90 days* Business visa: Not required for stays up to 90 days
Student visa: Not required for stays up to 90 days",https://travel.gc.ca/destinations/slovakia,2020-07-03 10:51:29
Slovenia,Take normal security precautions,Your passport must be valid for at least 3 months beyond the date you expect to leave the Schengen area.,Tourist visa: not required for stays up to 90 days*,https://travel.gc.ca/destinations/slovenia,2020-07-03 10:51:29
Solomon Islands,Take normal security precautions,Your passport must be valid for at least 6 months beyond the date you expect to leave the Solomon Islands.,Tourist visa: Not required for stays of up to 90 days,https://travel.gc.ca/destinations/solomon-islands,2020-07-15 14:45:38
Somalia,Avoid all travel,Your passport must be valid upon entry.,"You need a visa to visit those areas under the authority of the Transitional Federal Government (TFG), Somaliland and Puntland.",https://travel.gc.ca/destinations/somalia,2020-07-15 14:45:38
South Africa,Exercise a high degree of caution,"Your passport must be valid for at least 30 days beyond the date you expect to leave South Africa. Your passport must contain at least 2 empty visa pages for the necessary South African Temporary Residence Permit. Without it, you will be denied entry into the country.You may also be denied boarding at the point of departure if you don’t have enough blank pages for the visa. If you plan to visit neighbouring countries and return to South Africa, ensure that there are sufficient visa pages in your passport for those countries’ visas and those of South Africa.","Canadians do not need a tourist visa to enter South Africa. However, upon arrival, immigration officials will issue a temporary residents visa (TRV) for up to 90 days. Check the expiry date of your TRV to ensure you don’t overstay.",https://travel.gc.ca/destinations/south-africa,2020-07-15 14:45:38
South Korea,Take normal security precautions,Your passport must be valid beyond the date of expected departure from South Korea.,"Tourist visa: Required
Business visa: Required
Student visa: Required
Working visa: Required (must be obtained outside South Korea)",https://travel.gc.ca/destinations/south-korea,2020-07-14 16:25:19
South Sudan,Avoid all travel,Your passport must be valid for at least 6 months beyond the date you expect to leave South Sudan.,"Canadians must be in possession of a visa, which should be obtained prior to departure.  Visas are not granted automatically to prospective travellers.",https://travel.gc.ca/destinations/south-sudan,2020-07-15 14:45:38
Spain,Take normal security precautions,Your passport must be valid for at least 3 months beyond the date you expect to leave the Schengen area.,Tourist visa: Not required for stays up to 90 days in any 180-day period,https://travel.gc.ca/destinations/spain,2020-07-03 10:51:29
Sri Lanka,Exercise a high degree of caution,Your passport must be valid for at least 6 months beyond the date you expect to leave Sri Lanka.,Canadians must be in possession of a valid visa to visit Sri Lanka.,https://travel.gc.ca/destinations/sri-lanka,2020-07-15 14:45:38
Sudan,Exercise a high degree of caution,Your passport must be valid for at least 6 months beyond the date you expect to leave Sudan.,"Tourist visa: required
Business visa: required
Student visa: required
Transit visa: required",https://travel.gc.ca/destinations/sudan,2020-07-15 14:45:38
Suriname,Take normal security precautions,Your passport must be valid for at least 6 months beyond the date you arrive in Suriname.,"Tourist visa: Not required
Business visa: Required 
Student visa: Required",https://travel.gc.ca/destinations/suriname,2020-07-15 14:45:38
Sweden,Take normal security precautions,Your passport must be valid for at least 3 months beyond the date you expect to leave the Schengen area.,Tourist visa: Not required for stays up to 90 days in any 180-day period,https://travel.gc.ca/destinations/sweden,2020-07-03 10:51:29
Switzerland,Take normal security precautions,Your passport must be valid for at least 3 months beyond the date you expect to leave the Schengen area.,Tourist visa: Not required for stays up to 90 days*,https://travel.gc.ca/destinations/switzerland,2020-07-15 14:45:38
Syria,Avoid all travel,Your passport must be valid for at least 6 months beyond the date you expect to leave Syria.,Canadians must be in possession of a visa to visit Syria.,https://travel.gc.ca/destinations/syria,2020-07-15 14:45:38
Taiwan,Take normal security precautions,Your passport must be valid for at least 6 months beyond the date you expect to leave Taiwan.,"Canadian passport holders do not require tourist or business visas for stays of up to 90 days. Once in Taiwan, they may extend their stay for an additional 90 days by placing a request with the Taiwanese Bureau of Consular Affairs. Canadians planning to stay in Taiwan for more than 180 days should obtain a visa before they arrive.",https://travel.gc.ca/destinations/taiwan,2020-06-16 14:34:23
Tajikistan,Exercise a high degree of caution,"Your passport must be valid for at least 6 months following the issuance of the visa, and for 60 days beyond the date of entry into Tajikistan.",You must have a visa to visit Tajikistan.,https://travel.gc.ca/destinations/tajikistan,2020-07-15 14:45:38
Tanzania,Exercise a high degree of caution,Your passport must be valid for at least 6 months beyond the date you expect to leave Tanzania.,"Tourist visa: required
Business visa: required
Student visa: required
Work/volunteer visa: required",https://travel.gc.ca/destinations/tanzania,2020-07-15 14:45:38
Thailand,Exercise a high degree of caution,"Your passport must be valid for at least 6 months beyond the date you expect to leave from Thailand. Thai immigration is strict on the physical condition of the passport. If they find some defects such as an unclear bio page, a missing page or scribbles, they can consider the passport damaged and refuse entry to Thailand.","Tourist visa: Not required for stays of up to 30 days 
Business visa: Required 
Student visa: Required 
Working visa: Required",https://travel.gc.ca/destinations/thailand,2020-06-23 12:35:08
Timor-Leste (East Timor),Exercise a high degree of caution,Your passport must be valid for at least 6 months beyond the date you expect to leave Timor-Leste. It must contain at least one blank page for the placement of a visa.,"You can obtain a visa on arrival at Dili’s international airport and the Port of Dili, based on the purpose and length of the intended stay. You must pay an entry fee of US$30 for a visit of up to 30 days.",https://travel.gc.ca/destinations/timor-leste-east-timor,2020-07-15 14:45:38
Togo,Exercise a high degree of caution,Your passport must be valid upon arrival.,Canadians must be in possession of a visa to visit Togo.,https://travel.gc.ca/destinations/togo,2020-07-15 14:45:38
Tokelau,Take normal security precautions,Your passport must be valid for at least 6 months beyond the date you expect to leave Tokelau.,"Canadians do not need a visa but do require a permit issued by the Tokelau Apia Liaison Office in Apia, Samoa.",https://travel.gc.ca/destinations/tokelau,2020-07-15 14:45:38
Tonga,Take normal security precautions,Your passport must be valid for at least 6 months beyond the date you expect to leave Tonga.,Tourist visas are issued upon arrival. All other visas must be obtained before arrival.,https://travel.gc.ca/destinations/tonga,2020-07-15 14:45:38
Trinidad and Tobago,Exercise a high degree of caution,Your passport must be valid for the expected duration of your stay in Trinidad and Tobago.,"Tourist visa: Not required (for less than 90 days)
Business visa: Not required (for less than 30 days)
Student visa: Required",https://travel.gc.ca/destinations/trinidad-and-tobago,2020-07-15 14:45:38
Tunisia,Exercise a high degree of caution,Your passport must be valid for at least 3 months beyond the date you expect to leave Tunisia.,"Tourist visa: Not required
Business visa: Not required
Student visa: Not required",https://travel.gc.ca/destinations/tunisia,2020-07-15 14:45:38
Turkey,Exercise a high degree of caution,"Your passport must be valid for at least 60 days beyond the duration of stay indicated on your visa, e-Visa, visa exemption or residence permit.","Work visa: Required
Tourism visa: Required Business visa: Required
Student visa: Required",https://travel.gc.ca/destinations/turkey,2020-07-15 14:45:38
Turkmenistan,Exercise a high degree of caution,Your passport must be valid for at least 6 months beyond the date on your letter of invitation.,Canadians must be in possession of a visa to visit Turkmenistan.,https://travel.gc.ca/destinations/turkmenistan,2020-07-15 14:45:38
Turks and Caicos Islands,Take normal security precautions,Your passport must be valid to visit Turks and Caicos Islands.,"Tourist visa: not required for stays up to 90 days
Business visa: required
Student visa: required
Work permit: required",https://travel.gc.ca/destinations/turks-and-caicos-islands,2020-07-15 14:45:38
Tuvalu,Take normal security precautions,Your passport must be valid for at least 6 months beyond the date you expect to leave Tuvalu.,"Tourist visa: Required
Business visa: Required
Student visa: Required",https://travel.gc.ca/destinations/tuvalu,2020-07-15 14:45:38
Uganda,Exercise a high degree of caution,,Canadians must be in possession of a visa to enter Uganda.,https://travel.gc.ca/destinations/uganda,2020-07-15 14:45:38
Ukraine,Exercise a high degree of caution,Your passport must be valid for at least 6 months beyond the date you expect to leave from Ukraine.,Tourist visa: Not required for stays up to 90 days within a 180-day period,https://travel.gc.ca/destinations/ukraine,2020-07-15 14:45:38
United Arab Emirates,Exercise a high degree of caution,Your passport must be valid for at least 6 months beyond their date of entry into the United Arab Emirates.,"Tourist visa: Not required
Business visa: Required
Student visa: Required",https://travel.gc.ca/destinations/united-arab-emirates,2020-07-15 14:45:38
United Kingdom,Exercise a high degree of caution,"Your passport must be valid for at least the expected duration of your stay in the U.K. This requirement may also apply when travelling to Northern Ireland from other parts of the United Kingdom, and vice versa.","Canadians needing any type of visa should consult UK Visas and Immigration to ensure that they apply for the proper visa and have the appropriate documents for the purpose of their visit (for example, marriage, employment, study), as well as to find out if they will be required to pay a health-care surcharge. Canadians planning to work or volunteer in the United Kingdom for any period of time are required to have a work permit.",https://travel.gc.ca/destinations/united-kingdom,2020-07-15 14:45:38
United States,Take normal security precautions,,Canadian visitors can usually stay in the United States for 6 months without a visa. You must declare your intended duration of stay upon entry into the United States.,https://travel.gc.ca/destinations/united-states,2020-07-15 14:45:38
Uruguay,Take normal security precautions,Your passport must be valid for the expected duration of your stay in Uruguay.,"Tourist visa: Not required
Business visa: Not required
Student visa: Required",https://travel.gc.ca/destinations/uruguay,2020-07-15 14:45:38
Uzbekistan,Exercise a high degree of caution,Your passport must be valid for the length of your stay.,You must obtain a visa before arriving in Uzbekistan for stays longer than 30 days.,https://travel.gc.ca/destinations/uzbekistan,2020-07-15 14:45:38
Vanuatu,Take normal security precautions,Your passport must be valid for at least 6 months beyond the date of expected departure from Vanuatu.,"Tourist visa: Not required (for stays less than 30 days)
Business visa: Required
Student visa: Required",https://travel.gc.ca/destinations/vanuatu,2020-07-15 14:45:38
Venezuela,Avoid all travel,Your passport must be valid for at least 6 months beyond the date you expect to leave Venezuela.,"Tourist visa: required
Business visa: required
Work visa: required
Student visa: required",https://travel.gc.ca/destinations/venezuela,2020-07-15 14:45:38
Vietnam,Exercise a high degree of caution,Your passport must be valid for at least 1 month beyond the expiry date of their visa.,"Tourist visa: Required
Business visa: Required
Student visa: Required
Work visa: Required",https://travel.gc.ca/destinations/vietnam,2020-06-16 14:34:23
Virgin Islands (U.S.),Take normal security precautions,,,https://travel.gc.ca/destinations/virgin-islands-u-s,2020-07-15 14:45:38
Yemen,Avoid all travel,Your passport must be valid for at least 6 months beyond the date you expect to leave Yemen.,Canadians must be in possession of a visa to visit Yemen. Yemeni authorities do not issue visas at ports of entry. You must obtain your visa well in advance at the closest Yemeni diplomatic mission prior to travelling. Expect heavy penalties if you overstay the duration of your visa.,https://travel.gc.ca/destinations/yemen,2020-07-15 14:45:38
Zambia,Take normal security precautions,Your passport must be valid for at least 6 months beyond the date you expect to leave Zambia and should have at least 3 blank pages.,"Canadians must also be in possession of a valid visa. Persons overstaying their visa may be subject to heavy fines, arrest, imprisonment or deportation.",https://travel.gc.ca/destinations/zambia,2020-07-15 14:45:38
Zimbabwe,Exercise a high degree of caution,Your passport must be valid for at least 6 months beyond the date you expect to leave Zimbabwe.,Canadians must be in possession of a visa.,https://travel.gc.ca/destinations/zimbabwe,2020-07-15 14:45:38
